1,2,Marca y Modelo
Modern,Reunion,Modern - Reunion
Modern,Emery,Modern - Emery
Modern,Maintain,Modern - Maintain
Modern,Urban,Modern - Urban
Modern,Negotiate,Modern - Negotiate
Modern,Relate,Modern - Relate
Modern,Relate,Modern - Relate
Modern,Elated,Modern - Elated
Modern,Filter,Modern - Filter
Modern,Relax,Modern - Relax
Modern,Craze,Modern - Craze
Modern,Craze,Modern - Craze
Modern,Harvest,Modern - Harvest
Modern,Pretend,Modern - Pretend
Modern,Storybook,Modern - Storybook
Modern,Pretend,Modern - Pretend
Modern,Mischief,Modern - Mischief
Modern,Hello,Modern - Hello
Modern,Bicycle,Modern - Bicycle
Modern,Carnival,Modern - Carnival
Modern,Elwood,Modern - Elwood
Modern,Relax,Modern - Relax
Modern,Distance,Modern - Distance
Modern,Visa,Modern - Visa
Modern,Filter,Modern - Filter
Modern,Approach,Modern - Approach
Modern,Rarity,Modern - Rarity
Modern,Ice,Modern - Ice
Modern,Lunar,Modern - Lunar
Modern,Care,Modern - Care
Modern,Spunky,Modern - Spunky
Modern,Dabble,Modern - Dabble
Modern,Climb,Modern - Climb
Modern,Muffin,Modern - Muffin
Modern,Juggle,Modern - Juggle
Modern,Climb,Modern - Climb
Modern,Hadley,Modern - Hadley
Modern,Bicycle,Modern - Bicycle
Modern,Juggle,Modern - Juggle
Modern,Care,Modern - Care
Modern,Bashful,Modern - Bashful
Modern,Effort,Modern - Effort
Modern,Frolic,Modern - Frolic
Modern,Identity,Modern - Identity
Modern,Thrilling,Modern - Thrilling
Modern,Notice,Modern - Notice
Modern,Elated,Modern - Elated
Modern,Thrilling,Modern - Thrilling
Modern,Just,Modern - Just
Modern,Slick,Modern - Slick
Modern,Follow,Modern - Follow
Modern,Notice,Modern - Notice
Modern,Achieve,Modern - Achieve
Modern,Confide,Modern - Confide
Modern,Idea,Modern - Idea
Modern,Patience,Modern - Patience
Modern,Care,Modern - Care
Modern,Care,Modern - Care
Modern,Innocent,Modern - Innocent
Modern,Rarity,Modern - Rarity
Modern,Unite,Modern - Unite
Modern,Appreciate,Modern - Appreciate
Modern,Teagan,Modern - Teagan
Modern,Rarity,Modern - Rarity
Modern,Identity,Modern - Identity
Modern,Effort,Modern - Effort
Modern,Vintage,Modern - Vintage
Modern,Vibrant,Modern - Vibrant
Modern,Belong,Modern - Belong
Modern,Frolic,Modern - Frolic
Modern,Behave,Modern - Behave
Modern,Appreciate,Modern - Appreciate
Modern,Behave,Modern - Behave
Modern,Rivalry,Modern - Rivalry
Modern,Vibrant,Modern - Vibrant
Modern,Daisy,Modern - Daisy
Modern,Behave,Modern - Behave
Modern,Spunky,Modern - Spunky
Modern,Symbolic,Modern - Symbolic
Modern,Symbolic,Modern - Symbolic
Modern,Gallery,Modern - Gallery
Modern,Because,Modern - Because
Modern,Testify,Modern - Testify
Modern,Hadley,Modern - Hadley
Modern,Hadley,Modern - Hadley
Modern,Distinct,Modern - Distinct
Modern,Gallery,Modern - Gallery
Modern,Distinct,Modern - Distinct
Modern,Essential,Modern - Essential
Modern,Adam,Modern - Adam
Modern,Innocent,Modern - Innocent
Modern,Loyal,Modern - Loyal
Modern,Control,Modern - Control
Modern,Loyal,Modern - Loyal
Modern,Reaction,Modern - Reaction
Modern,AffectionBrown/beige,Modern - AffectionBrown/beige
Modern,Exit,Modern - Exit
Modern,Slick,Modern - Slick
Modern,Plaza,Modern - Plaza
Modern,Chris,Modern - Chris
Modern,Telltale,Modern - Telltale
Modern,Art370,Modern - Art370
Modern,Bridget,Modern - Bridget
Modern,Adrice,Modern - Adrice
Modern,Art610,Modern - Art610
Modern,Chris,Modern - Chris
Modern,A389,Modern - A389
Modern,Hadley,Modern - Hadley
Modern,Yearn,Modern - Yearn
Modern,Testify,Modern - Testify
Modern,Exite,Modern - Exite
Modern,Attrack,Modern - Attrack
Modern,Review,Modern - Review
Modern,Yearn,Modern - Yearn
Modern,Plaza,Modern - Plaza
Modern,Murmur,Modern - Murmur
Modern,Elated,Modern - Elated
Modern,Attrack,Modern - Attrack
Modern,Randome,Modern - Randome
Modern,Listen,Modern - Listen
Modern,Acquainted,Modern - Acquainted
Modern,Symbolic,Modern - Symbolic
Modern,Unit,Modern - Unit
Modern,Adam,Modern - Adam
Modern,Accord,Modern - Accord
Modern,Art605,Modern - Art605
Modern,Slick,Modern - Slick
Modern,Legacy,Modern - Legacy
Modern,Maintain,Modern - Maintain
Modern,Weekend,Modern - Weekend
Modern,Follow,Modern - Follow
Modern,Reason,Modern - Reason
Modern,Loyal,Modern - Loyal
Modern,Craze,Modern - Craze
Modern,Equal,Modern - Equal
Modern,Launch,Modern - Launch
Modern,Craze,Modern - Craze
Modern,Dramatic,Modern - Dramatic
Modern,Heaven,Modern - Heaven
Modern,Amelia,Modern - Amelia
Modern,Beloved,Modern - Beloved
Modern,DramaticMatte/Burg,Modern - DramaticMatte/Burg
Modern,Art373,Modern - Art373
Modern,History,Modern - History
Modern,Chill,Modern - Chill
Modern,Appreciate,Modern - Appreciate
Modern,Lightining,Modern - Lightining
Modern,Mariner,Modern - Mariner
Modern,Blitz,Modern - Blitz
Modern,Appreciate,Modern - Appreciate
Modern,Freeway,Modern - Freeway
Modern,Chill,Modern - Chill
Modern,Havest,Modern - Havest
Modern,Solution,Modern - Solution
Modern,Fluid,Modern - Fluid
Modern,Showdown,Modern - Showdown
Modern,History,Modern - History
Modern,Reverb,Modern - Reverb
Modern,Mx941,Modern - Mx941
Modern,Frequent,Modern - Frequent
Modern,A617,Modern - A617
Modern,A398,Modern - A398
Modern,A615,Modern - A615
Modern,A618,Modern - A618
Modern,A398,Modern - A398
Modern,A614,Modern - A614
Modern,A394,Modern - A394
Modern,A398,Modern - A398
Modern,A610,Modern - A610
Modern,A604,Modern - A604
Modern,Convience,Modern - Convience
GB,Feisty,GB - Feisty
GB,complex,GB - complex
GB,complex,GB - complex
GB,serene,GB - serene
GB,serene,GB - serene
GB,savvy,GB - savvy
GB,tenacious,GB - tenacious
GB,flawless,GB - flawless
GB,captivate,GB - captivate
GB,tantalize,GB - tantalize
GB,tantalize,GB - tantalize
GB,sultry,GB - sultry
GB,fierce,GB - fierce
GB,flawless,GB - flawless
Genevieve,kinsley,Genevieve - kinsley
Genevieve,kinsley,Genevieve - kinsley
Genevieve,advance,Genevieve - advance
Genevieve,paige,Genevieve - paige
Genevieve,sensation,Genevieve - sensation
Genevieve,apparent ,Genevieve - apparent 
Genevieve,chelsea,Genevieve - chelsea
Genevieve,farrah,Genevieve - farrah
Genevieve,naomi,Genevieve - naomi
Genevieve,blessed,Genevieve - blessed
Genevieve,virtue,Genevieve - virtue
Genevieve,premier,Genevieve - premier
Genevieve,willow,Genevieve - willow
Genevieve,constant,Genevieve - constant
Genevieve,kinsley,Genevieve - kinsley
Genevieve,premier,Genevieve - premier
Genevieve,presley,Genevieve - presley
Genevieve,transform,Genevieve - transform
Genevieve,stellar,Genevieve - stellar
Genevieve,impromptu,Genevieve - impromptu
Genevieve,improptu,Genevieve - improptu
Genevieve,tenley,Genevieve - tenley
Genevieve,transform,Genevieve - transform
Genevieve,paradise,Genevieve - paradise
Genevieve,advance,Genevieve - advance
Genevieve,optimistic,Genevieve - optimistic
Genevieve,presley,Genevieve - presley
Genevieve,crescendo,Genevieve - crescendo
Genevieve,kingsley,Genevieve - kingsley
Genevieve,realize,Genevieve - realize
Genevieve,sensation,Genevieve - sensation
Genevieve,realize,Genevieve - realize
Genevieve,gianna,Genevieve - gianna
Genevieve,blythe,Genevieve - blythe
Genevieve,arrianna,Genevieve - arrianna
Genevieve,intuitive,Genevieve - intuitive
Genevieve,exclusive,Genevieve - exclusive
Genevieve,intuitive,Genevieve - intuitive
Genevieve,arianna,Genevieve - arianna
Genevieve,gypsy,Genevieve - gypsy
Genevieve,gypsy,Genevieve - gypsy
OP,OP829,OP - OP829
Jessica,jmk424,Jessica - jmk424
Gotham,#192,Gotham - #192
Enhance,3826,Enhance - 3826
Enhance,3925,Enhance - 3925
BCBG,Genevieve,BCBG - Genevieve
BCBG,FilomenaEgg/Plant,BCBG - FilomenaEgg/Plant
BCBG,Brigitte,BCBG - Brigitte
BCBG,Tattiana,BCBG - Tattiana
BCBG,Brigitte,BCBG - Brigitte
BCBG,Tabitha,BCBG - Tabitha
BCBG,Antoinette,BCBG - Antoinette
Modz,Redding,Modz - Redding
Modz,Redding,Modz - Redding
Modz,Titanium Modern Noble,Modz - Titanium Modern Noble
Modz,Titanium Modern Noble,Modz - Titanium Modern Noble
Modz,Titanium Modern Noble,Modz - Titanium Modern Noble
Modz,Anaheim,Modz - Anaheim
Modz,Anaheim,Modz - Anaheim
Modz,Santa Cruz,Modz - Santa Cruz
Modz,Glandale Blue Frost Matte,Modz - Glandale Blue Frost Matte
Modz,Cambridge,Modz - Cambridge
BMEC,Big Push,BMEC - Big Push
BMEC,Big Push,BMEC - Big Push
BMEC,Big Success,BMEC - Big Success
BMEC,Big Succes,BMEC - Big Succes
BMEC,Big Curve,BMEC - Big Curve
BMEC,Big Matte,BMEC - Big Matte
BMEC,Big Surf,BMEC - Big Surf
BMEC,Big Note,BMEC - Big Note
BMEC,Big Block,BMEC - Big Block
BMEC,Big Rock,BMEC - Big Rock
BMEC,Big Game,BMEC - Big Game
BMEC,Big Fortune,BMEC - Big Fortune
BMEC,Big Bolt,BMEC - Big Bolt
BMEC,Big Tour,BMEC - Big Tour
GVX,GVX 565,GVX - GVX 565
GVX,GVX 554,GVX - GVX 554
GVX,GVX 569,GVX - GVX 569
GVX,GVX 569,GVX - GVX 569
Giovani di Venezia,Nomad,Giovani di Venezia - Nomad
Giovani di Venezia,Nomad,Giovani di Venezia - Nomad
Giovani di Venezia,Nomad,Giovani di Venezia - Nomad
Giovani di Venezia,Renown,Giovani di Venezia - Renown
Giovani di Venezia,Renown,Giovani di Venezia - Renown
Giovani di Venezia,Tristan,Giovani di Venezia - Tristan
Giovani di Venezia,Baxter,Giovani di Venezia - Baxter
Giovani di Venezia,Carter,Giovani di Venezia - Carter
Giovani di Venezia,Tyler,Giovani di Venezia - Tyler
Giovani di Venezia,Eaton,Giovani di Venezia - Eaton
Modern,Stampeded,Modern - Stampeded
Modern,Stampeded,Modern - Stampeded
Modern,Granite,Modern - Granite
Modern,Granite,Modern - Granite
Modern,History,Modern - History
Modern,Frequent,Modern - Frequent
Modern,Distinct,Modern - Distinct
Modern,Distinct,Modern - Distinct
Kenneth Cole,KC0258,Kenneth Cole - KC0258
Kenneth Cole,KC0809,Kenneth Cole - KC0809
Timberland,TB1650,Timberland - TB1650
Wired,6052,Wired - 6052
Urban Chaos,U9000T,Urban Chaos - U9000T
Diesel,DL5073,Diesel - DL5073
Air Studio,AS-18U,Air Studio - AS-18U
Enhance,4172,Enhance - 4172
Parade,Q-Serie 1727,Parade - Q-Serie 1727
Parade,Q-Serie 1714,Parade - Q-Serie 1714
Haggar,H265,Haggar - H265
Fashiontabulous,10X253,Fashiontabulous - 10X253
Fashiontabulous,10X237,Fashiontabulous - 10X237
Fashiontabulous,10X253,Fashiontabulous - 10X253
Fashiontabulous,10X263,Fashiontabulous - 10X263
Fashiontabulous,10X263,Fashiontabulous - 10X263
Fashiontabulous,10X252,Fashiontabulous - 10X252
Fashiontabulous,10X246,Fashiontabulous - 10X246
Fashiontabulous,10X252,Fashiontabulous - 10X252
Fashiontabulous,10X246,Fashiontabulous - 10X246
Fashiontabulous,10X260,Fashiontabulous - 10X260
Fashiontabulous,10X237,Fashiontabulous - 10X237
Fashiontabulous,10X243,Fashiontabulous - 10X243
Fashiontabulous,10X252,Fashiontabulous - 10X252
Fashiontabulous,10X241,Fashiontabulous - 10X241
Fashiontabulous,10X246,Fashiontabulous - 10X246
Fashiontabulous,10X256,Fashiontabulous - 10X256
Fashiontabulous,10X255,Fashiontabulous - 10X255
Togo,8327,Togo - 8327
Modern,Slick,Modern - Slick
Modern,Slick,Modern - Slick
Modz Kidz,Curious,Modz Kidz - Curious
Enhance,3926,Enhance - 3926
Enhance,EN3815,Enhance - EN3815
OP,Pismo Beach II,OP - Pismo Beach II
Paris Blues,110,Paris Blues - 110
Paris Blues,110,Paris Blues - 110
New Globe,L5170,New Globe - L5170
New Globe,L5167,New Globe - L5167
I-Deal Opt,Grace,I-Deal Opt - Grace
Alexander,Zelda,Alexander - Zelda
CV,Lucas,CV - Lucas
Eyewear,363,Eyewear - 363
XOX,GenY1604,XOX - GenY1604
Valentino,V2682,Valentino - V2682
Eyewear,TU608,Eyewear - TU608
Geek Eyewear,Cruiser,Geek Eyewear - Cruiser
Geek Eyewear,Starship,Geek Eyewear - Starship
Converse,Q307,Converse - Q307
GB,Determinate,GB - Determinate
Dixon,Cat,Dixon - Cat
Tattoo,TX562A,Tattoo - TX562A
Easystrect,2528,Easystrect - 2528
Easystrect,2528,Easystrect - 2528
Serafina,RFK,Serafina - RFK
Maxima,MX2188-2,Maxima - MX2188-2
Dixon,LS8022,Dixon - LS8022
Enhance,4126,Enhance - 4126
Vivid,4031,Vivid - 4031
ONO,CLA217,ONO - CLA217
Guess,2619,Guess - 2619
Izod,X527,Izod - X527
Marcolin,CG0470,Marcolin - CG0470
Marcolin,GU1962,Marcolin - GU1962
Marcolin,GU50007-D,Marcolin - GU50007-D
Marcolin,KC7251,Marcolin - KC7251
