1,2
Modern,Reunion
Modern,Emery
Modern,Maintain
Modern,Urban
Modern,Negotiate
Modern,Relate
Modern,Relate
Modern,Elated
Modern,Filter
Modern,Relax
Modern,Craze
Modern,Craze
Modern,Harvest
Modern,Pretend
Modern,Storybook
Modern,Pretend
Modern,Mischief
Modern,Hello
Modern,Bicycle
Modern,Carnival
Modern,Elwood
Modern,Relax
Modern,Distance
Modern,Visa
Modern,Filter
Modern,Approach
Modern,Rarity
Modern,Ice
Modern,Lunar
Modern,Care
Modern,Spunky
Modern,Dabble
Modern,Climb
Modern,Muffin
Modern,Juggle
Modern,Climb
Modern,Hadley
Modern,Bicycle
Modern,Juggle
Modern,Care
Modern,Bashful
Modern,Effort
Modern,Frolic
Modern,Identity
Modern,Thrilling
Modern,Notice
Modern,Elated
Modern,Thrilling
Modern,Just
Modern,Slick
Modern,Follow
Modern,Notice
Modern,Achieve
Modern,Confide
Modern,Idea
Modern,Patience
Modern,Care
Modern,Care
Modern,Innocent
Modern,Rarity
Modern,Unite
Modern,Appreciate
Modern,Teagan
Modern,Rarity
Modern,Identity
Modern,Effort
Modern,Vintage
Modern,Vibrant
Modern,Belong
Modern,Frolic
Modern,Behave
Modern,Appreciate
Modern,Behave
Modern,Rivalry
Modern,Vibrant
Modern,Daisy
Modern,Behave
Modern,Spunky
Modern,Symbolic
Modern,Symbolic
Modern,Gallery
Modern,Because
Modern,Testify
Modern,Hadley
Modern,Hadley
Modern,Distinct
Modern,Gallery
Modern,Distinct
Modern,Essential
Modern,Adam
Modern,Innocent
Modern,Loyal
Modern,Control
Modern,Loyal
Modern,Reaction
Modern,AffectionBrown/beige
Modern,Exit
Modern,Slick
Modern,Plaza
Modern,Chris
Modern,Telltale
Modern,Art370
Modern,Bridget
Modern,Adrice
Modern,Art610
Modern,Chris
Modern,A389
Modern,Hadley
Modern,Yearn
Modern,Testify
Modern,Exite
Modern,Attrack
Modern,Review
Modern,Yearn
Modern,Plaza
Modern,Murmur
Modern,Elated
Modern,Attrack
Modern,Randome
Modern,Listen
Modern,Acquainted
Modern,Symbolic
Modern,Unit
Modern,Adam
Modern,Accord
Modern,Art605
Modern,Slick
Modern,Legacy
Modern,Maintain
Modern,Weekend
Modern,Follow
Modern,Reason
Modern,Loyal
Modern,Craze
Modern,Equal
Modern,Launch
Modern,Craze
Modern,Dramatic
Modern,Heaven
Modern,Amelia
Modern,Beloved
Modern,DramaticMatte/Burg
Modern,Art373
Modern,History
Modern,Chill
Modern,Appreciate
Modern,Lightining
Modern,Mariner
Modern,Blitz
Modern,Appreciate
Modern,Freeway
Modern,Chill
Modern,Havest
Modern,Solution
Modern,Fluid
Modern,Showdown
Modern,History
Modern,Reverb
Modern,Mx941
Modern,Frequent
Modern,A617
Modern,A398
Modern,A615
Modern,A618
Modern,A398
Modern,A614
Modern,A394
Modern,A398
Modern,A610
Modern,A604
Modern,Convience
GB,Feisty
GB,complex
GB,complex
GB,serene
GB,serene
GB,savvy
GB,tenacious
GB,flawless
GB,captivate
GB,tantalize
GB,tantalize
GB,sultry
GB,fierce
GB,flawless
Genevieve,kinsley
Genevieve,kinsley
Genevieve,advance
Genevieve,paige
Genevieve,sensation
Genevieve,apparent 
Genevieve,chelsea
Genevieve,farrah
Genevieve,naomi
Genevieve,blessed
Genevieve,virtue
Genevieve,premier
Genevieve,willow
Genevieve,constant
Genevieve,kinsley
Genevieve,premier
Genevieve,presley
Genevieve,transform
Genevieve,stellar
Genevieve,impromptu
Genevieve,improptu
Genevieve,tenley
Genevieve,transform
Genevieve,paradise
Genevieve,advance
Genevieve,optimistic
Genevieve,presley
Genevieve,crescendo
Genevieve,kingsley
Genevieve,realize
Genevieve,sensation
Genevieve,realize
Genevieve,gianna
Genevieve,blythe
Genevieve,arrianna
Genevieve,intuitive
Genevieve,exclusive
Genevieve,intuitive
Genevieve,arianna
Genevieve,gypsy
Genevieve,gypsy
OP,OP829
Jessica,jmk424
Gotham,#192
Enhance,3826
Enhance,3925
BCBG,Genevieve
BCBG,FilomenaEgg/Plant
BCBG,Brigitte
BCBG,Tattiana
BCBG,Brigitte
BCBG,Tabitha
BCBG,Antoinette
Modz,Redding
Modz,Redding
Modz,Titanium Modern Noble
Modz,Titanium Modern Noble
Modz,Titanium Modern Noble
Modz,Anaheim
Modz,Anaheim
Modz,Santa Cruz
Modz,Glandale Blue Frost Matte
Modz,Cambridge
BMEC,Big Push
BMEC,Big Push
BMEC,Big Success
BMEC,Big Succes
BMEC,Big Curve
BMEC,Big Matte
BMEC,Big Surf
BMEC,Big Note
BMEC,Big Block
BMEC,Big Rock
BMEC,Big Game
BMEC,Big Fortune
BMEC,Big Bolt
BMEC,Big Tour
GVX,GVX 565
GVX,GVX 554
GVX,GVX 569
GVX,GVX 569
Giovani di Venezia,Nomad
Giovani di Venezia,Nomad
Giovani di Venezia,Nomad
Giovani di Venezia,Renown
Giovani di Venezia,Renown
Giovani di Venezia,Tristan
Giovani di Venezia,Baxter
Giovani di Venezia,Carter
Giovani di Venezia,Tyler
Giovani di Venezia,Eaton
Modern,Stampeded
Modern,Stampeded
Modern,Granite
Modern,Granite
Modern,History
Modern,Frequent
Modern,Distinct
Modern,Distinct
Kenneth Cole,KC0258
Kenneth Cole,KC0809
Timberland,TB1650
Wired,6052
Urban Chaos,U9000T
Diesel,DL5073
Air Studio,AS-18U
Enhance,4172
Parade,Q-Serie 1727
Parade,Q-Serie 1714
Haggar,H265
Fashiontabulous,10X253
Fashiontabulous,10X237
Fashiontabulous,10X253
Fashiontabulous,10X263
Fashiontabulous,10X263
Fashiontabulous,10X252
Fashiontabulous,10X246
Fashiontabulous,10X252
Fashiontabulous,10X246
Fashiontabulous,10X260
Fashiontabulous,10X237
Fashiontabulous,10X243
Fashiontabulous,10X252
Fashiontabulous,10X241
Fashiontabulous,10X246
Fashiontabulous,10X256
Fashiontabulous,10X255
Togo,8327
Modern,Slick
Modern,Slick
Modz Kidz,Curious
Enhance,3926
Enhance,EN3815
OP,Pismo Beach II
Paris Blues,110
Paris Blues,110
New Globe,L5170
New Globe,L5167
I-Deal Opt,Grace
Alexander,Zelda
CV,Lucas
Eyewear,363
XOX,GenY1604
Valentino,V2682
Eyewear,TU608
Geek Eyewear,Cruiser
Geek Eyewear,Starship
Converse,Q307
GB,Determinate
Dixon,Cat
Tattoo,TX562A
Easystrect,2528
Easystrect,2528
Serafina,RFK
Maxima,MX2188-2
Dixon,LS8022
Enhance,4126
Vivid,4031
ONO,CLA217
Guess,2619
Izod,X527
Marcolin,CG0470
Marcolin,GU1962
Marcolin,GU50007-D
Marcolin,KC7251
